Processes,Time
1x1,80.58
1x2,163.122
1x4,161.2703333
1x8,244.2026667
1x16,327.035
1x32,911.289
