Processes,Time
1x1,80.58
2x1,62.986
4x1,41.43433
8x1,35.038333
16x1,30.961
32x1,74.046
